id,character,input_lufs,gain_db,output_lufs,output_dbtp,deviation_db
kohaku_001,コハク,-15.31,-0.69,-16.55,-2.14,-0.55
kohaku_002,コハク,-15.42,-0.58,-16.53,-2.21,-0.53
kohaku_003,コハク,-17.49,+1.49,-16.84,-2.18,-0.84
kohaku_004,コハク,-16.22,+0.22,-16.50,-2.18,-0.50
kohaku_005,コハク,-17.41,+1.41,-17.01,-2.00,-1.01
kohaku_006,コハク,-16.95,+0.95,-17.01,-2.24,-1.01
kohaku_007,コハク,-16.40,+0.40,-16.83,-1.57,-0.83
kohaku_008,コハク,-16.68,+0.68,-16.47,-0.71,-0.47
kohaku_009,コハク,-19.35,+3.35,-16.88,-2.18,-0.88
kohaku_010,コハク,-17.64,+1.64,-16.99,-1.85,-0.99
kohaku_011,コハク,-16.17,+0.17,-16.60,-2.20,-0.60
kohaku_012,コハク,-14.89,-1.11,-16.48,-2.35,-0.48
kohaku_013,コハク,-17.45,+1.45,-16.84,-2.42,-0.84
kohaku_014,コハク,-16.93,+0.93,-17.31,-2.12,-1.31
kohaku_015,コハク,-14.94,-1.06,-16.53,-2.27,-0.53
kohaku_016,コハク,-17.00,+1.00,-16.76,-2.25,-0.76
kohaku_017,コハク,-14.26,-1.74,-16.44,-2.34,-0.44
kohaku_018,コハク,-14.64,-1.36,-16.49,-2.11,-0.49
kohaku_019,コハク,-15.77,-0.23,-16.58,-2.22,-0.58
kohaku_020,コハク,-14.94,-1.06,-16.55,-2.31,-0.55
kohaku_021,コハク,-15.12,-0.88,-16.49,-2.11,-0.49
kohaku_022,コハク,-15.91,-0.09,-16.70,-2.16,-0.70
kohaku_023,コハク,-12.65,-3.35,-16.36,-3.62,-0.36
kohaku_024,コハク,-13.78,-2.22,-16.37,-2.57,-0.37
kohaku_025,コハク,-15.88,-0.12,-16.57,-2.14,-0.57
kohaku_026,コハク,-16.34,+0.34,-16.84,-2.01,-0.84
kohaku_027,コハク,-15.91,-0.09,-16.60,-1.93,-0.60
kohaku_028,コハク,-16.96,+0.96,-16.82,-2.23,-0.82
kohaku_029,コハク,-16.84,+0.84,-16.71,-1.99,-0.71
kohaku_030,コハク,-14.58,-1.42,-16.46,-2.19,-0.46
kohaku_031,コハク,-16.88,+0.88,-16.68,-2.20,-0.68
kohaku_032,コハク,-17.76,+1.76,-16.90,-2.39,-0.90
kohaku_033,コハク,-15.68,-0.32,-16.58,-2.20,-0.58
kohaku_034,コハク,-16.58,+0.58,-16.55,-2.09,-0.55
kohaku_035,コハク,-16.52,+0.52,-16.62,-2.19,-0.62
kohaku_036,コハク,-14.26,-1.74,-16.39,-2.19,-0.39
kohaku_037,コハク,-14.65,-1.35,-16.67,-2.34,-0.67
kohaku_038,コハク,-14.56,-1.44,-16.45,-2.39,-0.45
kohaku_039,コハク,-14.79,-1.21,-16.50,-2.18,-0.50
kohaku_040,コハク,-15.97,-0.03,-16.59,-2.29,-0.59
kohaku_041,コハク,-16.71,+0.71,-17.06,-0.49,-1.06
kohaku_042,コハク,-15.74,-0.26,-16.51,-2.33,-0.51
kohaku_043,コハク,-17.64,+1.64,-17.01,-2.13,-1.01
kohaku_044,コハク,-14.07,-1.93,-16.56,-2.34,-0.56
kohaku_045,コハク,-14.91,-1.09,-16.48,-2.15,-0.48
kohaku_046,コハク,-15.72,-0.28,-16.60,-2.26,-0.60
kohaku_047,コハク,-16.09,+0.09,-16.64,-1.79,-0.64
kohaku_048,コハク,-14.56,-1.44,-16.42,-2.07,-0.42
kohaku_049,コハク,-15.76,-0.24,-16.60,-1.96,-0.60
kohaku_050,コハク,-17.90,+1.90,-16.86,-2.10,-0.86
kohaku_051,コハク,-17.65,+1.65,-17.30,-2.01,-1.30
kohaku_052,コハク,-17.00,+1.00,-16.77,-1.74,-0.77
kohaku_053,コハク,-16.43,+0.43,-16.65,-2.06,-0.65
kohaku_054,コハク,-16.94,+0.94,-16.87,-1.88,-0.87
kohaku_055,コハク,-15.98,-0.02,-16.64,-2.20,-0.64
kohaku_056,コハク,-17.90,+1.90,-16.96,0.11,-0.96
kohaku_057,コハク,-16.82,+0.82,-16.86,-2.19,-0.86
kohaku_058,コハク,-17.51,+1.51,-16.73,-2.13,-0.73
kohaku_059,コハク,-15.65,-0.35,-16.53,-2.03,-0.53
kohaku_060,コハク,-15.57,-0.43,-16.64,-2.17,-0.64
kohaku_061,コハク,-15.45,-0.55,-16.56,-2.35,-0.56
kohaku_062,コハク,-13.58,-2.42,-16.38,-2.93,-0.38
kohaku_063,コハク,-14.87,-1.13,-16.49,-1.63,-0.49
kohaku_064,コハク,-13.39,-2.61,-16.34,-2.66,-0.34
kohaku_065,コハク,-17.84,+1.84,-17.10,-2.14,-1.10
kohaku_066,コハク,-15.62,-0.38,-16.72,-2.25,-0.72
kohaku_067,コハク,-14.87,-1.13,-16.55,-1.92,-0.55
kohaku_068,コハク,-12.97,-3.03,-16.42,-3.29,-0.42
kohaku_069,コハク,-13.59,-2.41,-16.41,-2.77,-0.41
kohaku_070,コハク,-15.28,-0.72,-16.49,-2.38,-0.49
kohaku_071,コハク,-16.31,+0.31,-16.75,-2.34,-0.75
kohaku_072,コハク,-17.04,+1.04,-17.46,-2.24,-1.46
kohaku_073,コハク,-13.85,-2.15,-16.38,-2.36,-0.38
kohaku_074,コハク,-14.73,-1.27,-16.47,-2.49,-0.47
kohaku_075,コハク,-14.25,-1.75,-16.40,-2.36,-0.40
kohaku_076,コハク,-13.93,-2.07,-16.35,-2.08,-0.35
kohaku_077,コハク,-14.06,-1.94,-16.32,-1.51,-0.32
kohaku_078,コハク,-15.23,-0.77,-16.56,-2.24,-0.56
kohaku_079,コハク,-12.57,-3.43,-16.36,-3.21,-0.36
kohaku_080,コハク,-14.72,-1.28,-16.56,-2.36,-0.56
kohaku_081,コハク,-14.03,-1.97,-16.39,-1.80,-0.39
kohaku_082,コハク,-13.26,-2.74,-16.41,-3.29,-0.41
kohaku_083,コハク,-14.04,-1.96,-16.39,-2.59,-0.39
kohaku_084,コハク,-14.83,-1.17,-16.45,-2.29,-0.45
kohaku_085,コハク,-14.36,-1.64,-16.40,-2.21,-0.40
kohaku_086,コハク,-16.78,+0.78,-16.74,-2.14,-0.74
kohaku_087,コハク,-15.31,-0.69,-16.63,-0.87,-0.63
kohaku_088,コハク,-14.39,-1.61,-16.44,-2.27,-0.44
kohaku_089,コハク,-14.56,-1.44,-16.52,-1.81,-0.52
kohaku_090,コハク,-15.60,-0.40,-16.60,-2.00,-0.60
kohaku_091,コハク,-16.32,+0.32,-16.85,-2.17,-0.85
kohaku_092,コハク,-14.09,-1.91,-16.43,-2.14,-0.43
kohaku_093,コハク,-15.74,-0.26,-16.63,-2.09,-0.63
kohaku_094,コハク,-17.52,+1.52,-16.96,-2.20,-0.96
kohaku_095,コハク,-13.56,-2.44,-16.53,-3.01,-0.53
kohaku_096,コハク,-17.95,+1.95,-16.69,-0.27,-0.69
kohaku_097,コハク,-14.74,-1.26,-16.51,-2.44,-0.51
kohaku_098,コハク,-16.85,+0.85,-16.83,-0.85,-0.83
kohaku_099,コハク,-14.66,-1.34,-16.49,-2.02,-0.49
kohaku_100,コハク,-14.98,-1.02,-16.48,-2.09,-0.48
mao_001,まお,-17.09,+1.09,-16.89,-2.29,-0.89
mao_002,まお,-16.44,+0.44,-17.03,-1.92,-1.03
mao_003,まお,-17.16,+1.16,-16.78,-2.09,-0.78
mao_004,まお,-15.72,-0.28,-16.59,-2.16,-0.59
mao_005,まお,-16.07,+0.07,-16.66,-1.91,-0.66
mao_006,まお,-19.05,+3.05,-17.32,-2.02,-1.32
mao_007,まお,-16.51,+0.51,-16.75,-2.20,-0.75
mao_008,まお,-18.76,+2.76,-17.04,-2.13,-1.04
mao_009,まお,-15.38,-0.62,-16.56,-1.91,-0.56
mao_010,まお,-18.86,+2.86,-16.81,-1.95,-0.81
mao_011,まお,-16.90,+0.90,-16.80,-1.96,-0.80
mao_012,まお,-14.72,-1.28,-16.49,-2.22,-0.49
mao_013,まお,-16.99,+0.99,-16.74,-2.02,-0.74
mao_014,まお,-15.02,-0.98,-16.50,-2.38,-0.50
mao_015,まお,-15.51,-0.49,-16.40,-2.01,-0.40
mao_016,まお,-15.48,-0.52,-16.57,-2.22,-0.57
mao_017,まお,-16.80,+0.80,-16.87,-2.02,-0.87
mao_018,まお,-19.54,+3.54,-17.92,-2.25,-1.92
mao_019,まお,-18.64,+2.64,-18.02,-2.21,-2.02
mao_020,まお,-15.99,-0.01,-16.54,-2.29,-0.54
mao_021,まお,-15.61,-0.39,-16.77,-2.12,-0.77
mao_022,まお,-14.18,-1.82,-16.43,-2.52,-0.43
mao_023,まお,-20.86,+4.86,-17.19,-2.04,-1.19
mao_024,まお,-17.68,+1.68,-16.75,-2.23,-0.75
mao_025,まお,-16.48,+0.48,-16.82,-2.31,-0.82
mao_026,まお,-16.09,+0.09,-16.55,-2.01,-0.55
mao_027,まお,-15.55,-0.45,-16.56,-2.29,-0.56
mao_028,まお,-14.83,-1.17,-16.48,-2.26,-0.48
mao_029,まお,-17.08,+1.08,-16.79,-2.07,-0.79
mao_030,まお,-15.52,-0.48,-16.60,-2.29,-0.60
mao_031,まお,-16.91,+0.91,-17.24,-2.27,-1.24
mao_032,まお,-17.46,+1.46,-17.59,-2.26,-1.59
mao_033,まお,-15.23,-0.77,-16.55,-2.25,-0.55
mao_034,まお,-15.93,-0.07,-16.65,-2.28,-0.65
mao_035,まお,-15.88,-0.12,-16.68,-2.25,-0.68
mao_036,まお,-14.42,-1.58,-16.46,-1.95,-0.46
mao_037,まお,-15.73,-0.27,-17.06,-2.12,-1.06
mao_038,まお,-19.70,+3.70,-17.57,-2.11,-1.57
mao_039,まお,-16.79,+0.79,-16.68,-1.89,-0.68
mao_040,まお,-16.45,+0.45,-16.75,-2.09,-0.75
mao_041,まお,-14.55,-1.45,-16.29,-2.35,-0.29
mao_042,まお,-15.11,-0.89,-16.61,-2.28,-0.61
mao_043,まお,-15.32,-0.68,-16.56,-1.87,-0.56
mao_044,まお,-16.26,+0.26,-16.86,-2.32,-0.86
mao_045,まお,-16.05,+0.05,-16.85,-2.10,-0.85
mao_046,まお,-16.28,+0.28,-16.78,-2.06,-0.78
mao_047,まお,-14.04,-1.96,-16.39,-2.29,-0.39
mao_048,まお,-16.34,+0.34,-16.67,-2.18,-0.67
mao_049,まお,-15.52,-0.48,-16.77,-1.74,-0.77
mao_050,まお,-16.57,+0.57,-16.82,-2.33,-0.82
mao_051,まお,-14.78,-1.22,-16.44,-1.86,-0.44
mao_052,まお,-17.35,+1.35,-16.84,-2.22,-0.84
mao_053,まお,-16.03,+0.03,-16.51,-2.13,-0.51
mao_054,まお,-14.25,-1.75,-16.65,-2.35,-0.65
mao_055,まお,-14.64,-1.36,-16.50,-2.27,-0.50
mao_056,まお,-16.11,+0.11,-16.60,-2.24,-0.60
mao_057,まお,-18.05,+2.05,-17.01,-2.23,-1.01
mao_058,まお,-17.58,+1.58,-17.17,-2.19,-1.17
mao_059,まお,-16.66,+0.66,-16.90,-2.13,-0.90
mao_060,まお,-14.64,-1.36,-16.49,-2.49,-0.49
mao_061,まお,-16.43,+0.43,-16.92,-2.28,-0.92
mao_062,まお,-15.42,-0.58,-16.71,-2.22,-0.71
mao_063,まお,-14.60,-1.40,-16.52,-2.32,-0.52
mao_064,まお,-17.46,+1.46,-17.19,-2.20,-1.19
mao_065,まお,-16.83,+0.83,-16.59,-1.89,-0.59
mao_066,まお,-15.29,-0.71,-16.51,-2.44,-0.51
mao_067,まお,-16.26,+0.26,-16.79,-2.26,-0.79
mao_068,まお,-15.16,-0.84,-16.87,-2.20,-0.87
mao_069,まお,-18.50,+2.50,-17.01,-2.10,-1.01
mao_070,まお,-14.65,-1.35,-16.34,-2.03,-0.34
mao_071,まお,-17.07,+1.07,-16.99,-1.57,-0.99
mao_072,まお,-15.03,-0.97,-16.50,-2.38,-0.50
mao_073,まお,-17.90,+1.90,-17.22,-2.32,-1.22
mao_074,まお,-15.08,-0.92,-16.56,-2.30,-0.56
mao_075,まお,-15.31,-0.69,-16.42,-2.26,-0.42
mao_076,まお,-15.08,-0.92,-16.53,-2.50,-0.53
mao_077,まお,-14.61,-1.39,-16.64,-2.50,-0.64
mao_078,まお,-14.36,-1.64,-16.40,-2.01,-0.40
mao_079,まお,-14.87,-1.13,-16.53,-2.17,-0.53
mao_080,まお,-15.52,-0.48,-16.62,-2.27,-0.62
mao_081,まお,-17.61,+1.61,-17.31,-1.99,-1.31
mao_082,まお,-15.37,-0.63,-16.65,-2.27,-0.65
mao_083,まお,-14.83,-1.17,-16.84,-2.01,-0.84
mao_084,まお,-15.15,-0.85,-16.52,-2.24,-0.52
mao_085,まお,-15.55,-0.45,-16.51,-2.28,-0.51
mao_086,まお,-16.67,+0.67,-16.74,-2.30,-0.74
mao_087,まお,-16.87,+0.87,-16.97,-2.16,-0.97
mao_088,まお,-15.62,-0.38,-16.57,-1.90,-0.57
mao_089,まお,-18.33,+2.33,-17.03,-1.94,-1.03
mao_090,まお,-15.41,-0.59,-16.59,-2.27,-0.59
mao_091,まお,-14.86,-1.14,-16.52,-2.35,-0.52
mao_092,まお,-15.54,-0.46,-16.61,-2.17,-0.61
mao_093,まお,-16.37,+0.37,-16.99,-2.13,-0.99
mao_094,まお,-18.84,+2.84,-17.00,-2.15,-1.00
mao_095,まお,-17.66,+1.66,-16.95,-2.02,-0.95
mao_096,まお,-17.76,+1.76,-17.44,-2.29,-1.44
mao_097,まお,-14.61,-1.39,-16.53,-2.21,-0.53
mao_098,まお,-13.49,-2.51,-16.42,-2.49,-0.42
mao_099,まお,-15.13,-0.87,-16.61,-2.22,-0.61
mao_100,まお,-15.72,-0.28,-16.49,-2.18,-0.49
mai_001,まい,-13.35,-2.65,-16.39,-1.46,-0.39
mai_002,まい,-13.94,-2.06,-16.29,-2.55,-0.29
mai_003,まい,-14.02,-1.98,-16.35,-2.36,-0.35
mai_004,まい,-14.82,-1.18,-16.33,-2.34,-0.33
mai_005,まい,-14.14,-1.86,-16.39,-1.93,-0.39
mai_006,まい,-13.07,-2.93,-16.38,-3.16,-0.38
mai_007,まい,-13.53,-2.47,-16.27,-3.41,-0.27
mai_008,まい,-14.77,-1.23,-16.44,-2.48,-0.44
mai_009,まい,-13.78,-2.22,-16.33,-2.17,-0.33
mai_010,まい,-15.60,-0.40,-16.33,-2.27,-0.33
mai_011,まい,-12.84,-3.16,-16.34,-3.08,-0.34
mai_012,まい,-12.80,-3.20,-16.40,-3.94,-0.40
mai_013,まい,-11.90,-4.10,-16.59,-4.56,-0.59
mai_014,まい,-14.99,-1.01,-16.24,-0.50,-0.24
mai_015,まい,-13.17,-2.83,-16.49,-3.26,-0.49
mai_016,まい,-13.26,-2.74,-16.45,-3.22,-0.45
mai_017,まい,-14.65,-1.35,-16.37,-1.43,-0.37
mai_018,まい,-14.75,-1.25,-16.41,-2.86,-0.41
mai_019,まい,-13.17,-2.83,-16.39,-3.33,-0.39
mai_020,まい,-14.36,-1.64,-16.40,-2.09,-0.40
mai_021,まい,-12.38,-3.62,-16.43,-4.06,-0.43
mai_022,まい,-14.33,-1.67,-16.39,-2.66,-0.39
mai_023,まい,-12.77,-3.23,-16.44,-2.62,-0.44
mai_024,まい,-13.67,-2.33,-16.32,-2.77,-0.32
mai_025,まい,-16.04,+0.04,-16.42,-2.01,-0.42
mai_026,まい,-13.64,-2.36,-16.35,-2.64,-0.35
mai_027,まい,-13.83,-2.17,-16.40,-1.41,-0.40
mai_028,まい,-16.44,+0.44,-16.48,-2.83,-0.48
mai_029,まい,-14.00,-2.00,-16.20,-0.71,-0.20
mai_030,まい,-15.72,-0.28,-16.42,-0.99,-0.42
mai_031,まい,-16.34,+0.34,-16.50,-1.02,-0.50
mai_032,まい,-14.62,-1.38,-16.43,-2.42,-0.43
mai_033,まい,-12.81,-3.19,-16.34,-3.22,-0.34
mai_034,まい,-14.03,-1.97,-16.39,-1.89,-0.39
mai_035,まい,-14.17,-1.83,-16.50,-2.23,-0.50
mai_036,まい,-16.01,+0.01,-16.64,-2.08,-0.64
mai_037,まい,-13.56,-2.44,-16.29,-1.39,-0.29
mai_038,まい,-16.03,+0.03,-16.47,-1.18,-0.47
mai_039,まい,-13.87,-2.13,-16.35,-2.63,-0.35
mai_040,まい,-15.78,-0.22,-16.47,-0.97,-0.47
mai_041,まい,-15.18,-0.82,-16.54,-2.18,-0.54
mai_042,まい,-13.81,-2.19,-16.41,-0.94,-0.41
mai_043,まい,-13.89,-2.11,-16.40,-2.85,-0.40
mai_044,まい,-13.98,-2.02,-16.40,-2.16,-0.40
mai_045,まい,-13.97,-2.03,-16.43,-2.63,-0.43
mai_046,まい,-13.37,-2.63,-16.37,-3.62,-0.37
mai_047,まい,-15.27,-0.73,-16.43,-2.14,-0.43
mai_048,まい,-14.70,-1.30,-16.43,-2.29,-0.43
mai_049,まい,-13.65,-2.35,-16.33,-2.23,-0.33
mai_050,まい,-13.40,-2.60,-16.34,-1.29,-0.34
mai_051,まい,-13.03,-2.97,-16.36,-3.29,-0.36
mai_052,まい,-12.81,-3.19,-16.39,-3.55,-0.39
mai_053,まい,-14.41,-1.59,-16.29,-1.02,-0.29
mai_054,まい,-14.01,-1.99,-16.36,-1.74,-0.36
mai_055,まい,-13.20,-2.80,-16.33,-2.54,-0.33
mai_056,まい,-12.41,-3.59,-16.33,-3.24,-0.33
mai_057,まい,-13.63,-2.37,-16.36,-2.99,-0.36
mai_058,まい,-13.57,-2.43,-16.11,-2.86,-0.11
mai_059,まい,-14.96,-1.04,-16.39,-1.91,-0.39
mai_060,まい,-13.18,-2.82,-16.43,-3.21,-0.43
mai_061,まい,-13.71,-2.29,-16.31,-2.16,-0.31
mai_062,まい,-13.01,-2.99,-16.38,-2.86,-0.38
mai_063,まい,-12.56,-3.44,-16.37,-3.34,-0.37
mai_064,まい,-13.80,-2.20,-16.18,-1.85,-0.18
mai_065,まい,-13.47,-2.53,-16.38,-2.31,-0.38
mai_066,まい,-13.83,-2.17,-16.28,-2.82,-0.28
mai_067,まい,-13.54,-2.46,-16.34,-2.21,-0.34
mai_068,まい,-16.07,+0.07,-16.42,-1.63,-0.42
mai_069,まい,-14.31,-1.69,-16.40,-2.03,-0.40
mai_070,まい,-13.63,-2.37,-16.36,-2.36,-0.36
mai_071,まい,-14.06,-1.94,-16.41,-2.55,-0.41
mai_072,まい,-14.64,-1.36,-16.44,-2.58,-0.44
mai_073,まい,-13.51,-2.49,-16.36,-2.87,-0.36
mai_074,まい,-15.07,-0.93,-16.42,-2.23,-0.42
mai_075,まい,-12.79,-3.21,-16.40,-3.50,-0.40
mai_076,まい,-13.99,-2.01,-16.22,0.18,-0.22
mai_077,まい,-13.02,-2.98,-16.11,-4.37,-0.11
mai_078,まい,-12.64,-3.36,-16.41,-3.77,-0.41
mai_079,まい,-12.66,-3.34,-16.38,-3.44,-0.38
mai_080,まい,-11.22,-4.78,-16.40,-5.13,-0.40
mai_081,まい,-16.03,+0.03,-16.25,-2.35,-0.25
mai_082,まい,-12.15,-3.85,-16.39,-3.98,-0.39
mai_083,まい,-15.45,-0.55,-16.36,-1.21,-0.36
mai_084,まい,-14.36,-1.64,-16.37,-2.15,-0.37
mai_085,まい,-13.63,-2.37,-16.34,-2.53,-0.34
mai_086,まい,-12.97,-3.03,-16.33,-3.43,-0.33
mai_087,まい,-14.48,-1.52,-16.40,-0.74,-0.40
mai_088,まい,-12.88,-3.12,-16.37,-3.65,-0.37
mai_089,まい,-14.93,-1.07,-16.42,-3.72,-0.42
mai_090,まい,-14.44,-1.56,-16.30,-1.70,-0.30
mai_091,まい,-13.57,-2.43,-16.42,-2.90,-0.42
mai_092,まい,-11.83,-4.17,-16.35,-3.77,-0.35
mai_093,まい,-14.33,-1.67,-16.39,-2.52,-0.39
mai_094,まい,-12.08,-3.92,-16.39,-4.01,-0.39
mai_095,まい,-13.86,-2.14,-16.35,-2.30,-0.35
mai_096,まい,-16.62,+0.62,-16.54,-2.28,-0.54
mai_097,まい,-15.47,-0.53,-16.46,-1.99,-0.46
mai_098,まい,-14.62,-1.38,-16.33,-2.22,-0.33
mai_099,まい,-14.86,-1.14,-16.40,-2.17,-0.40
mai_100,まい,-13.18,-2.82,-16.43,-3.02,-0.43
runa_001,るな,-17.05,+1.05,-16.68,-2.11,-0.68
runa_002,るな,-18.39,+2.39,-16.86,-1.39,-0.86
runa_003,るな,-15.27,-0.73,-16.33,-2.14,-0.33
runa_004,るな,-17.05,+1.05,-16.68,-1.98,-0.68
runa_005,るな,-16.59,+0.59,-16.71,-1.65,-0.71
runa_006,るな,-15.14,-0.86,-16.51,-2.26,-0.51
runa_007,るな,-17.72,+1.72,-16.60,-1.49,-0.60
runa_008,るな,-17.56,+1.56,-16.73,-1.63,-0.73
runa_009,るな,-15.31,-0.69,-16.47,-1.52,-0.47
runa_010,るな,-16.19,+0.19,-16.58,-1.87,-0.58
runa_011,るな,-16.18,+0.18,-16.63,-1.71,-0.63
runa_012,るな,-16.41,+0.41,-16.86,-1.95,-0.86
runa_013,るな,-15.26,-0.74,-16.51,-2.03,-0.51
runa_014,るな,-15.38,-0.62,-16.63,-1.97,-0.63
runa_015,るな,-15.33,-0.67,-16.47,-2.00,-0.47
runa_016,るな,-16.86,+0.86,-16.66,-1.50,-0.66
runa_017,るな,-18.02,+2.02,-16.73,-1.78,-0.73
runa_018,るな,-15.48,-0.52,-16.38,-1.91,-0.38
runa_019,るな,-16.58,+0.58,-16.61,-2.26,-0.61
runa_020,るな,-16.20,+0.20,-16.76,-1.65,-0.76
runa_021,るな,-16.46,+0.46,-16.61,-2.12,-0.61
runa_022,るな,-15.31,-0.69,-16.61,-1.58,-0.61
runa_023,るな,-18.16,+2.16,-16.92,-1.72,-0.92
runa_024,るな,-15.00,-1.00,-16.49,-1.80,-0.49
runa_025,るな,-15.16,-0.84,-16.46,-1.95,-0.46
runa_026,るな,-15.96,-0.04,-16.46,-1.84,-0.46
runa_027,るな,-15.82,-0.18,-16.45,-2.27,-0.45
runa_028,るな,-17.65,+1.65,-16.89,-1.56,-0.89
runa_029,るな,-16.76,+0.76,-16.56,-1.81,-0.56
runa_030,るな,-14.80,-1.20,-16.44,-1.80,-0.44
runa_031,るな,-15.81,-0.19,-16.49,-2.17,-0.49
runa_032,るな,-14.04,-1.96,-16.44,-1.73,-0.44
runa_033,るな,-15.73,-0.27,-16.55,-2.11,-0.55
runa_034,るな,-16.37,+0.37,-16.56,-1.57,-0.56
runa_035,るな,-15.22,-0.78,-16.48,-2.39,-0.48
runa_036,るな,-14.54,-1.46,-16.41,-2.39,-0.41
runa_037,るな,-16.46,+0.46,-16.54,-2.12,-0.54
runa_038,るな,-16.69,+0.69,-16.84,-1.79,-0.84
runa_039,るな,-17.43,+1.43,-16.60,-1.91,-0.60
runa_040,るな,-16.34,+0.34,-16.80,-1.68,-0.80
runa_041,るな,-16.25,+0.25,-16.61,-2.00,-0.61
runa_042,るな,-16.36,+0.36,-16.93,-1.77,-0.93
runa_043,るな,-15.22,-0.78,-16.41,-2.39,-0.41
runa_044,るな,-14.94,-1.06,-16.50,-2.17,-0.50
runa_045,るな,-14.93,-1.07,-16.46,-2.05,-0.46
runa_046,るな,-16.18,+0.18,-16.66,-1.67,-0.66
runa_047,るな,-17.05,+1.05,-16.59,-2.00,-0.59
runa_048,るな,-16.43,+0.43,-16.76,-2.13,-0.76
runa_049,るな,-17.00,+1.00,-16.82,-1.89,-0.82
runa_050,るな,-17.96,+1.96,-16.60,-1.75,-0.60
runa_051,るな,-16.28,+0.28,-16.66,-2.02,-0.66
runa_052,るな,-17.89,+1.89,-16.84,-1.82,-0.84
runa_053,るな,-15.69,-0.31,-16.42,-2.07,-0.42
runa_054,るな,-15.92,-0.08,-16.72,-2.06,-0.72
runa_055,るな,-18.56,+2.56,-16.68,-1.41,-0.68
runa_056,るな,-16.34,+0.34,-16.65,-1.75,-0.65
runa_057,るな,-15.97,-0.03,-16.52,-2.22,-0.52
runa_058,るな,-16.27,+0.27,-16.56,-1.99,-0.56
runa_059,るな,-14.65,-1.35,-16.48,-1.93,-0.48
runa_060,るな,-16.89,+0.89,-16.69,-1.97,-0.69
runa_061,るな,-14.88,-1.12,-16.42,-2.31,-0.42
runa_062,るな,-15.40,-0.60,-16.47,-2.03,-0.47
runa_063,るな,-19.49,+3.49,-16.99,-2.26,-0.99
runa_064,るな,-16.18,+0.18,-16.52,-2.19,-0.52
runa_065,るな,-14.90,-1.10,-16.59,-2.43,-0.59
runa_066,るな,-15.31,-0.69,-16.45,-1.88,-0.45
runa_067,るな,-15.52,-0.48,-16.58,-2.03,-0.58
runa_068,るな,-14.81,-1.19,-16.41,-2.27,-0.41
runa_069,るな,-17.25,+1.25,-16.74,-1.84,-0.74
runa_070,るな,-15.07,-0.93,-16.54,-2.33,-0.54
runa_071,るな,-16.31,+0.31,-16.65,-1.85,-0.65
runa_072,るな,-15.02,-0.98,-16.54,-2.01,-0.54
runa_073,るな,-15.92,-0.08,-16.55,-2.25,-0.55
runa_074,るな,-16.89,+0.89,-16.60,-2.13,-0.60
runa_075,るな,-17.37,+1.37,-16.76,-2.04,-0.76
runa_076,るな,-16.58,+0.58,-16.55,-1.72,-0.55
runa_077,るな,-15.77,-0.23,-16.60,-1.70,-0.60
runa_078,るな,-16.00,+0.00,-16.59,-2.25,-0.59
runa_079,るな,-16.22,+0.22,-16.67,-1.27,-0.67
runa_080,るな,-15.30,-0.70,-16.58,-1.77,-0.58
runa_081,るな,-16.25,+0.25,-16.57,-2.05,-0.57
runa_082,るな,-17.14,+1.14,-16.74,-1.80,-0.74
runa_083,るな,-17.35,+1.35,-16.80,-2.13,-0.80
runa_084,るな,-17.93,+1.93,-16.75,-2.01,-0.75
runa_085,るな,-15.63,-0.37,-16.62,-1.61,-0.62
runa_086,るな,-16.17,+0.17,-16.53,-2.04,-0.53
runa_087,るな,-13.68,-2.32,-16.40,-2.81,-0.40
runa_088,るな,-15.53,-0.47,-16.59,-2.19,-0.59
runa_089,るな,-14.86,-1.14,-16.43,-1.73,-0.43
runa_090,るな,-16.91,+0.91,-16.73,-1.85,-0.73
runa_091,るな,-16.80,+0.80,-16.69,-2.23,-0.69
runa_092,るな,-15.15,-0.85,-16.52,-1.96,-0.52
runa_093,るな,-15.59,-0.41,-16.47,-1.98,-0.47
runa_094,るな,-16.42,+0.42,-16.64,-1.74,-0.64
runa_095,るな,-16.28,+0.28,-16.71,-2.12,-0.71
runa_096,るな,-16.23,+0.23,-16.50,-2.06,-0.50
runa_097,るな,-19.61,+3.61,-17.10,-1.82,-1.10
runa_098,るな,-16.72,+0.72,-16.79,-1.91,-0.79
runa_099,るな,-16.15,+0.15,-16.52,-1.97,-0.52
runa_100,るな,-15.68,-0.32,-16.60,-1.94,-0.60
chuni_001,中2,-15.35,-0.65,-16.56,-2.08,-0.56
chuni_002,中2,-17.34,+1.34,-16.67,-1.95,-0.67
chuni_003,中2,-17.06,+1.06,-17.07,-2.07,-1.07
chuni_004,中2,-16.43,+0.43,-16.63,-2.30,-0.63
chuni_005,中2,-15.38,-0.62,-16.60,-2.23,-0.60
chuni_006,中2,-14.30,-1.70,-16.57,-2.24,-0.57
chuni_007,中2,-15.55,-0.45,-16.61,-2.12,-0.61
chuni_008,中2,-15.76,-0.24,-16.52,-2.03,-0.52
chuni_009,中2,-15.18,-0.82,-16.47,-2.16,-0.47
chuni_010,中2,-15.65,-0.35,-16.52,-2.13,-0.52
chuni_011,中2,-15.99,-0.01,-16.65,-2.17,-0.65
chuni_012,中2,-14.05,-1.95,-16.41,-2.45,-0.41
chuni_013,中2,-17.70,+1.70,-16.70,-2.23,-0.70
chuni_014,中2,-16.47,+0.47,-16.59,-1.83,-0.59
chuni_015,中2,-16.29,+0.29,-16.59,-1.66,-0.59
chuni_016,中2,-17.30,+1.30,-16.80,-1.91,-0.80
chuni_017,中2,-15.08,-0.92,-16.34,-2.34,-0.34
chuni_018,中2,-15.62,-0.38,-16.67,-2.02,-0.67
chuni_019,中2,-15.84,-0.16,-16.79,-2.19,-0.79
chuni_020,中2,-16.66,+0.66,-16.70,-2.20,-0.70
chuni_021,中2,-16.97,+0.97,-16.81,-1.88,-0.81
chuni_022,中2,-15.31,-0.69,-16.55,-2.20,-0.55
chuni_023,中2,-13.58,-2.42,-16.32,-2.78,-0.32
chuni_024,中2,-15.92,-0.08,-16.48,-2.01,-0.48
chuni_025,中2,-17.31,+1.31,-16.61,-2.29,-0.61
chuni_026,中2,-17.86,+1.86,-16.82,-2.26,-0.82
chuni_027,中2,-15.33,-0.67,-16.49,-2.02,-0.49
chuni_028,中2,-16.55,+0.55,-16.77,-2.10,-0.77
chuni_029,中2,-16.47,+0.47,-16.75,-2.12,-0.75
chuni_030,中2,-14.84,-1.16,-16.45,-1.99,-0.45
chuni_031,中2,-15.49,-0.51,-16.66,-1.96,-0.66
chuni_032,中2,-14.36,-1.64,-16.39,-2.27,-0.39
chuni_033,中2,-15.32,-0.68,-16.52,-2.08,-0.52
chuni_034,中2,-16.89,+0.89,-16.69,-1.93,-0.69
chuni_035,中2,-15.68,-0.32,-16.51,-2.39,-0.51
chuni_036,中2,-16.16,+0.16,-16.54,-2.32,-0.54
chuni_037,中2,-17.84,+1.84,-16.57,-2.23,-0.57
chuni_038,中2,-16.49,+0.49,-16.70,-1.78,-0.70
chuni_039,中2,-15.03,-0.97,-16.53,-2.25,-0.53
chuni_040,中2,-14.41,-1.59,-16.42,-2.56,-0.42
chuni_041,中2,-14.77,-1.23,-16.47,-2.29,-0.47
chuni_042,中2,-15.30,-0.70,-16.51,-2.03,-0.51
chuni_043,中2,-16.23,+0.23,-16.75,-2.25,-0.75
chuni_044,中2,-14.72,-1.28,-16.57,-2.26,-0.57
chuni_045,中2,-16.56,+0.56,-16.51,-2.25,-0.51
chuni_046,中2,-16.27,+0.27,-16.71,-2.00,-0.71
chuni_047,中2,-16.09,+0.09,-16.52,-1.92,-0.52
chuni_048,中2,-17.01,+1.01,-16.92,-1.97,-0.92
chuni_049,中2,-15.61,-0.39,-16.69,-2.15,-0.69
chuni_050,中2,-16.37,+0.37,-16.69,-2.16,-0.69
chuni_051,中2,-16.32,+0.32,-16.72,-2.16,-0.72
chuni_052,中2,-14.42,-1.58,-16.45,-2.38,-0.45
chuni_053,中2,-14.50,-1.50,-16.46,-2.05,-0.46
chuni_054,中2,-16.87,+0.87,-16.99,-1.95,-0.99
chuni_055,中2,-16.21,+0.21,-16.64,-1.77,-0.64
chuni_056,中2,-16.84,+0.84,-16.71,-2.31,-0.71
chuni_057,中2,-15.79,-0.21,-16.66,-2.03,-0.66
chuni_058,中2,-15.10,-0.90,-16.44,-2.10,-0.44
chuni_059,中2,-13.97,-2.03,-16.42,-2.28,-0.42
chuni_060,中2,-14.84,-1.16,-16.54,-2.15,-0.54
chuni_061,中2,-14.42,-1.58,-16.44,-2.20,-0.44
chuni_062,中2,-12.84,-3.16,-16.43,-3.90,-0.43
chuni_063,中2,-13.92,-2.08,-16.41,-2.20,-0.41
chuni_064,中2,-14.80,-1.20,-16.51,-2.31,-0.51
chuni_065,中2,-16.45,+0.45,-16.72,-2.06,-0.72
chuni_066,中2,-16.06,+0.06,-16.60,-2.08,-0.60
chuni_067,中2,-14.52,-1.48,-16.47,-2.54,-0.47
chuni_068,中2,-17.83,+1.83,-16.95,-2.40,-0.95
chuni_069,中2,-13.50,-2.50,-16.43,-3.01,-0.43
chuni_070,中2,-14.07,-1.93,-16.41,-2.28,-0.41
chuni_071,中2,-14.77,-1.23,-16.49,-2.37,-0.49
chuni_072,中2,-15.24,-0.76,-16.61,-1.53,-0.61
chuni_073,中2,-15.11,-0.89,-16.51,-1.97,-0.51
chuni_074,中2,-13.76,-2.24,-16.43,-2.76,-0.43
chuni_075,中2,-14.72,-1.28,-16.59,-2.22,-0.59
chuni_076,中2,-14.82,-1.18,-16.29,-2.29,-0.29
chuni_077,中2,-13.30,-2.70,-16.38,-2.90,-0.38
chuni_078,中2,-12.08,-3.92,-16.40,-4.23,-0.40
chuni_079,中2,-15.60,-0.40,-16.64,-2.21,-0.64
chuni_080,中2,-15.16,-0.84,-16.49,-2.10,-0.49
chuni_081,中2,-16.21,+0.21,-16.56,-2.13,-0.56
chuni_082,中2,-15.17,-0.83,-16.48,-2.21,-0.48
chuni_083,中2,-13.80,-2.20,-16.41,-2.54,-0.41
chuni_084,中2,-14.23,-1.77,-16.43,-2.49,-0.43
chuni_085,中2,-14.90,-1.10,-16.53,-1.92,-0.53
chuni_086,中2,-12.75,-3.25,-16.42,-3.72,-0.42
chuni_087,中2,-15.53,-0.47,-16.38,-2.07,-0.38
chuni_088,中2,-14.35,-1.65,-16.43,-2.46,-0.43
chuni_089,中2,-14.44,-1.56,-16.45,-2.19,-0.45
chuni_090,中2,-16.39,+0.39,-16.60,-2.10,-0.60
chuni_091,中2,-15.37,-0.63,-16.50,-2.26,-0.50
chuni_092,中2,-15.76,-0.24,-16.53,-2.21,-0.53
chuni_093,中2,-16.32,+0.32,-16.58,-2.03,-0.58
chuni_094,中2,-15.86,-0.14,-16.73,-2.15,-0.73
chuni_095,中2,-14.94,-1.06,-16.48,-2.28,-0.48
chuni_096,中2,-15.72,-0.28,-16.59,-2.08,-0.59
chuni_097,中2,-16.62,+0.62,-16.67,-2.08,-0.67
chuni_098,中2,-16.99,+0.99,-16.48,-2.21,-0.48
chuni_099,中2,-16.05,+0.05,-16.54,-2.15,-0.54
chuni_100,中2,-16.15,+0.15,-16.59,-2.13,-0.59
kanon_001,花音,-13.65,-2.35,-16.54,-2.66,-0.54
kanon_002,花音,-13.67,-2.33,-16.41,-2.73,-0.41
kanon_003,花音,-14.12,-1.88,-16.41,-2.22,-0.41
kanon_004,花音,-12.96,-3.04,-16.44,-3.23,-0.44
kanon_005,花音,-13.58,-2.42,-16.40,-2.72,-0.40
kanon_006,花音,-14.34,-1.66,-16.43,-2.41,-0.43
kanon_007,花音,-14.27,-1.73,-16.38,-2.14,-0.38
kanon_008,花音,-14.37,-1.63,-16.38,-2.18,-0.38
kanon_009,花音,-14.67,-1.33,-16.42,-2.51,-0.42
kanon_010,花音,-14.93,-1.07,-16.45,-2.33,-0.45
kanon_011,花音,-13.17,-2.83,-16.43,-3.29,-0.43
kanon_012,花音,-14.66,-1.34,-16.41,-1.92,-0.41
kanon_013,花音,-15.75,-0.25,-16.58,-2.16,-0.58
kanon_014,花音,-12.42,-3.58,-16.67,-3.83,-0.67
kanon_015,花音,-13.31,-2.69,-16.41,-3.11,-0.41
kanon_016,花音,-11.50,-4.50,-16.41,-4.99,-0.41
kanon_017,花音,-13.17,-2.83,-16.42,-3.33,-0.42
kanon_018,花音,-12.82,-3.18,-16.42,-3.61,-0.42
kanon_019,花音,-13.44,-2.56,-16.43,-2.76,-0.43
kanon_020,花音,-13.48,-2.52,-16.41,-2.80,-0.41
kanon_021,花音,-13.73,-2.27,-16.43,-2.65,-0.43
kanon_022,花音,-13.95,-2.05,-16.42,-2.60,-0.42
kanon_023,花音,-13.04,-2.96,-16.47,-3.62,-0.47
kanon_024,花音,-14.38,-1.62,-16.43,-2.17,-0.43
kanon_025,花音,-11.79,-4.21,-16.38,-4.32,-0.38
kanon_026,花音,-15.69,-0.31,-16.61,-2.13,-0.61
kanon_027,花音,-14.60,-1.40,-16.49,-1.91,-0.49
kanon_028,花音,-13.56,-2.44,-16.42,-2.60,-0.42
kanon_029,花音,-12.53,-3.47,-16.54,-3.85,-0.54
kanon_030,花音,-14.09,-1.91,-16.34,-2.53,-0.34
kanon_031,花音,-13.70,-2.30,-16.43,-2.75,-0.43
kanon_032,花音,-14.84,-1.16,-16.49,-2.21,-0.49
kanon_033,花音,-15.99,-0.01,-16.54,-2.40,-0.54
kanon_034,花音,-13.51,-2.49,-16.52,-2.83,-0.52
kanon_035,花音,-14.69,-1.31,-16.44,-2.38,-0.44
kanon_036,花音,-13.80,-2.20,-16.42,-2.63,-0.42
kanon_037,花音,-14.38,-1.62,-16.46,-2.40,-0.46
kanon_038,花音,-13.40,-2.60,-16.44,-2.92,-0.44
kanon_039,花音,-13.82,-2.18,-16.43,-2.97,-0.43
kanon_040,花音,-13.23,-2.77,-16.45,-2.95,-0.45
kanon_041,花音,-16.58,+0.58,-16.68,-2.24,-0.68
kanon_042,花音,-13.27,-2.73,-16.40,-2.96,-0.40
kanon_043,花音,-14.25,-1.75,-16.47,-2.47,-0.47
kanon_044,花音,-14.36,-1.64,-16.41,-2.45,-0.41
kanon_045,花音,-14.37,-1.63,-16.43,-2.21,-0.43
kanon_046,花音,-13.72,-2.28,-16.39,-2.43,-0.39
kanon_047,花音,-14.62,-1.38,-16.44,-2.34,-0.44
kanon_048,花音,-15.52,-0.48,-16.45,-2.48,-0.45
kanon_049,花音,-14.23,-1.77,-16.42,-1.19,-0.42
kanon_050,花音,-13.33,-2.67,-16.42,-2.80,-0.42
kanon_051,花音,-14.70,-1.30,-16.45,-2.04,-0.45
kanon_052,花音,-12.61,-3.39,-16.41,-3.85,-0.41
kanon_053,花音,-14.40,-1.60,-16.33,-2.99,-0.33
kanon_054,花音,-13.56,-2.44,-16.45,-2.77,-0.45
kanon_055,花音,-15.73,-0.27,-16.43,-1.88,-0.43
kanon_056,花音,-13.34,-2.66,-16.43,-2.98,-0.43
kanon_057,花音,-15.04,-0.96,-16.44,-2.38,-0.44
kanon_058,花音,-15.07,-0.93,-16.40,-2.46,-0.40
kanon_059,花音,-14.83,-1.17,-16.43,-2.26,-0.43
kanon_060,花音,-15.95,-0.05,-16.45,-2.27,-0.45
kanon_061,花音,-13.61,-2.39,-16.61,-2.85,-0.61
kanon_062,花音,-14.15,-1.85,-16.42,-2.16,-0.42
kanon_063,花音,-13.76,-2.24,-16.42,-2.47,-0.42
kanon_064,花音,-14.41,-1.59,-16.42,-2.42,-0.42
kanon_065,花音,-12.66,-3.34,-16.41,-3.60,-0.41
kanon_066,花音,-14.63,-1.37,-16.44,-2.29,-0.44
kanon_067,花音,-13.97,-2.03,-16.38,-2.47,-0.38
kanon_068,花音,-13.40,-2.60,-16.40,-2.95,-0.40
kanon_069,花音,-13.51,-2.49,-16.43,-2.84,-0.43
kanon_070,花音,-13.02,-2.98,-16.37,-3.16,-0.37
kanon_071,花音,-14.53,-1.47,-16.45,-2.51,-0.45
kanon_072,花音,-15.07,-0.93,-16.51,-2.24,-0.51
kanon_073,花音,-14.49,-1.51,-16.43,-2.40,-0.43
kanon_074,花音,-13.99,-2.01,-16.36,-2.38,-0.36
kanon_075,花音,-13.75,-2.25,-16.45,-2.61,-0.45
kanon_076,花音,-12.34,-3.66,-16.26,-3.93,-0.26
kanon_077,花音,-15.71,-0.29,-16.53,-2.29,-0.53
kanon_078,花音,-12.13,-3.87,-16.41,-4.13,-0.41
kanon_079,花音,-15.04,-0.96,-16.52,-2.36,-0.52
kanon_080,花音,-13.29,-2.71,-16.44,-3.33,-0.44
kanon_081,花音,-15.61,-0.39,-16.54,-2.04,-0.54
kanon_082,花音,-14.57,-1.43,-16.44,-2.37,-0.44
kanon_083,花音,-14.23,-1.77,-16.45,-2.39,-0.45
kanon_084,花音,-13.54,-2.46,-16.43,-2.64,-0.43
kanon_085,花音,-15.14,-0.86,-16.52,-2.30,-0.52
kanon_086,花音,-12.09,-3.91,-16.43,-4.54,-0.43
kanon_087,花音,-14.22,-1.78,-16.45,-2.04,-0.45
kanon_088,花音,-15.08,-0.92,-16.73,-2.31,-0.73
kanon_089,花音,-12.19,-3.81,-16.44,-4.12,-0.44
kanon_090,花音,-10.91,-5.09,-16.40,-5.06,-0.40
kanon_091,花音,-15.64,-0.36,-16.46,-2.23,-0.46
kanon_092,花音,-15.62,-0.38,-16.49,-2.26,-0.49
kanon_093,花音,-12.93,-3.07,-16.44,-3.49,-0.44
kanon_094,花音,-13.47,-2.53,-16.43,-3.09,-0.43
kanon_095,花音,-12.38,-3.62,-16.36,-3.63,-0.36
kanon_096,花音,-13.74,-2.26,-16.53,-2.57,-0.53
kanon_097,花音,-14.38,-1.62,-16.40,-2.42,-0.40
kanon_098,花音,-16.45,+0.45,-16.43,-1.92,-0.43
kanon_099,花音,-13.39,-2.61,-16.37,-3.06,-0.37
kanon_100,花音,-15.06,-0.94,-16.45,-2.39,-0.45
