id,character,source_lufs,v10_lufs,v11_lufs,v11_dbtp,gain_vs_v10_db
kohaku_001,コハク,-15.31,-16.55,-12.55,-0.72,+4.00
kohaku_002,コハク,-15.42,-16.53,-12.26,-1.38,+4.27
kohaku_003,コハク,-17.49,-16.84,-13.23,-2.03,+3.61
kohaku_004,コハク,-16.22,-16.50,-12.05,-0.65,+4.45
kohaku_005,コハク,-17.41,-17.01,-13.15,-2.27,+3.86
kohaku_006,コハク,-16.95,-17.01,-12.58,-0.68,+4.43
kohaku_007,コハク,-16.40,-16.83,-12.34,-0.91,+4.49
kohaku_008,コハク,-16.68,-16.47,-12.84,-0.76,+3.63
kohaku_009,コハク,-19.35,-16.88,-13.05,-2.29,+3.83
kohaku_010,コハク,-17.64,-16.99,-12.89,-1.93,+4.10
kohaku_011,コハク,-16.17,-16.60,-13.03,-1.78,+3.57
kohaku_012,コハク,-14.89,-16.48,-12.35,-1.17,+4.13
kohaku_013,コハク,-17.45,-16.84,-12.26,-1.58,+4.58
kohaku_014,コハク,-16.93,-17.31,-12.40,-0.60,+4.91
kohaku_015,コハク,-14.94,-16.53,-12.24,-2.84,+4.29
kohaku_016,コハク,-17.00,-16.76,-12.49,-1.17,+4.27
kohaku_017,コハク,-14.26,-16.44,-12.31,-2.44,+4.13
kohaku_018,コハク,-14.64,-16.49,-12.71,-2.66,+3.78
kohaku_019,コハク,-15.77,-16.58,-12.52,-2.84,+4.06
kohaku_020,コハク,-14.94,-16.55,-12.49,-2.89,+4.06
kohaku_021,コハク,-15.12,-16.49,-12.52,-2.81,+3.97
kohaku_022,コハク,-15.91,-16.70,-12.63,-1.17,+4.07
kohaku_023,コハク,-12.65,-16.36,-12.48,-1.74,+3.88
kohaku_024,コハク,-13.78,-16.37,-11.99,-0.97,+4.38
kohaku_025,コハク,-15.88,-16.57,-12.91,-1.21,+3.66
kohaku_026,コハク,-16.34,-16.84,-12.79,-2.84,+4.05
kohaku_027,コハク,-15.91,-16.60,-13.03,-1.37,+3.57
kohaku_028,コハク,-16.96,-16.82,-12.56,-1.71,+4.26
kohaku_029,コハク,-16.84,-16.71,-13.14,-1.99,+3.57
kohaku_030,コハク,-14.58,-16.46,-13.65,-1.15,+2.81
kohaku_031,コハク,-16.88,-16.68,-12.62,-0.79,+4.06
kohaku_032,コハク,-17.76,-16.90,-12.27,-0.70,+4.63
kohaku_033,コハク,-15.68,-16.58,-12.30,-1.77,+4.28
kohaku_034,コハク,-16.58,-16.55,-12.44,-0.87,+4.11
kohaku_035,コハク,-16.52,-16.62,-12.12,-1.61,+4.50
kohaku_036,コハク,-14.26,-16.39,-12.58,-1.85,+3.81
kohaku_037,コハク,-14.65,-16.67,-12.69,-1.39,+3.98
kohaku_038,コハク,-14.56,-16.45,-12.27,-1.36,+4.18
kohaku_039,コハク,-14.79,-16.50,-12.16,-0.85,+4.34
kohaku_040,コハク,-15.97,-16.59,-12.77,-1.54,+3.82
kohaku_041,コハク,-16.71,-17.06,-13.16,-1.32,+3.90
kohaku_042,コハク,-15.74,-16.51,-12.48,-1.93,+4.03
kohaku_043,コハク,-17.64,-17.01,-12.55,-1.31,+4.46
kohaku_044,コハク,-14.07,-16.56,-12.22,-1.16,+4.34
kohaku_045,コハク,-14.91,-16.48,-12.30,-0.82,+4.18
kohaku_046,コハク,-15.72,-16.60,-12.74,-1.52,+3.86
kohaku_047,コハク,-16.09,-16.64,-12.45,-0.80,+4.19
kohaku_048,コハク,-14.56,-16.42,-12.08,-1.30,+4.34
kohaku_049,コハク,-15.76,-16.60,-12.65,-1.51,+3.95
kohaku_050,コハク,-17.90,-16.86,-13.25,-1.08,+3.61
kohaku_051,コハク,-17.65,-17.30,-12.61,-2.35,+4.69
kohaku_052,コハク,-17.00,-16.77,-12.37,-1.43,+4.40
kohaku_053,コハク,-16.43,-16.65,-12.27,-1.45,+4.38
kohaku_054,コハク,-16.94,-16.87,-12.99,-1.84,+3.88
kohaku_055,コハク,-15.98,-16.64,-12.58,-2.36,+4.06
kohaku_056,コハク,-17.90,-16.96,-12.62,-1.35,+4.34
kohaku_057,コハク,-16.82,-16.86,-12.49,-1.25,+4.37
kohaku_058,コハク,-17.51,-16.73,-13.15,-1.32,+3.58
kohaku_059,コハク,-15.65,-16.53,-12.40,-2.07,+4.13
kohaku_060,コハク,-15.57,-16.64,-12.81,-2.50,+3.83
kohaku_061,コハク,-15.45,-16.56,-12.55,-1.67,+4.01
kohaku_062,コハク,-13.58,-16.38,-12.08,-1.41,+4.30
kohaku_063,コハク,-14.87,-16.49,-12.38,-2.09,+4.11
kohaku_064,コハク,-13.39,-16.34,-12.20,-0.56,+4.14
kohaku_065,コハク,-17.84,-17.10,-12.22,-0.68,+4.88
kohaku_066,コハク,-15.62,-16.72,-12.67,-0.68,+4.05
kohaku_067,コハク,-14.87,-16.55,-12.48,-1.10,+4.07
kohaku_068,コハク,-12.97,-16.42,-12.15,-1.26,+4.27
kohaku_069,コハク,-13.59,-16.41,-12.87,-1.99,+3.54
kohaku_070,コハク,-15.28,-16.49,-12.11,-1.56,+4.38
kohaku_071,コハク,-16.31,-16.75,-12.23,-1.42,+4.52
kohaku_072,コハク,-17.04,-17.46,-12.28,-1.44,+5.18
kohaku_073,コハク,-13.85,-16.38,-12.00,-0.51,+4.38
kohaku_074,コハク,-14.73,-16.47,-12.35,-1.45,+4.12
kohaku_075,コハク,-14.25,-16.40,-12.31,-0.97,+4.09
kohaku_076,コハク,-13.93,-16.35,-12.57,-1.71,+3.78
kohaku_077,コハク,-14.06,-16.32,-13.26,-1.01,+3.06
kohaku_078,コハク,-15.23,-16.56,-12.47,-1.70,+4.09
kohaku_079,コハク,-12.57,-16.36,-12.03,-1.31,+4.33
kohaku_080,コハク,-14.72,-16.56,-12.86,-1.26,+3.70
kohaku_081,コハク,-14.03,-16.39,-12.27,-1.67,+4.12
kohaku_082,コハク,-13.26,-16.41,-12.92,-1.10,+3.49
kohaku_083,コハク,-14.04,-16.39,-12.66,-0.76,+3.73
kohaku_084,コハク,-14.83,-16.45,-12.54,-0.59,+3.91
kohaku_085,コハク,-14.36,-16.40,-13.07,-0.81,+3.33
kohaku_086,コハク,-16.78,-16.74,-12.16,-0.65,+4.58
kohaku_087,コハク,-15.31,-16.63,-12.46,-0.60,+4.17
kohaku_088,コハク,-14.39,-16.44,-12.49,-1.31,+3.95
kohaku_089,コハク,-14.56,-16.52,-12.44,-2.88,+4.08
kohaku_090,コハク,-15.60,-16.60,-12.27,-1.30,+4.33
kohaku_091,コハク,-16.32,-16.85,-12.33,-2.83,+4.52
kohaku_092,コハク,-14.09,-16.43,-12.53,-2.95,+3.90
kohaku_093,コハク,-15.74,-16.63,-13.13,-1.55,+3.50
kohaku_094,コハク,-17.52,-16.96,-14.36,-2.33,+2.60
kohaku_095,コハク,-13.56,-16.53,-12.14,-1.14,+4.39
kohaku_096,コハク,-17.95,-16.69,-12.93,-1.87,+3.76
kohaku_097,コハク,-14.74,-16.51,-11.94,-1.34,+4.57
kohaku_098,コハク,-16.85,-16.83,-12.63,-1.10,+4.20
kohaku_099,コハク,-14.66,-16.49,-12.50,-0.84,+3.99
kohaku_100,コハク,-14.98,-16.48,-12.88,-2.12,+3.60
mao_001,まお,-17.09,-16.89,-13.14,-1.53,+3.75
mao_002,まお,-16.44,-17.03,-12.87,-1.72,+4.16
mao_003,まお,-17.16,-16.78,-12.99,-0.99,+3.79
mao_004,まお,-15.72,-16.59,-12.19,-2.05,+4.40
mao_005,まお,-16.07,-16.66,-12.57,-1.19,+4.09
mao_006,まお,-19.05,-17.32,-12.34,-1.15,+4.98
mao_007,まお,-16.51,-16.75,-12.41,-1.61,+4.34
mao_008,まお,-18.76,-17.04,-12.91,-2.25,+4.13
mao_009,まお,-15.38,-16.56,-12.18,-2.69,+4.38
mao_010,まお,-18.86,-16.81,-12.62,-1.57,+4.19
mao_011,まお,-16.90,-16.80,-12.61,-2.26,+4.19
mao_012,まお,-14.72,-16.49,-13.15,-2.64,+3.34
mao_013,まお,-16.99,-16.74,-12.91,-2.31,+3.83
mao_014,まお,-15.02,-16.50,-12.17,-2.02,+4.33
mao_015,まお,-15.51,-16.40,-12.57,-2.21,+3.83
mao_016,まお,-15.48,-16.57,-12.38,-2.20,+4.19
mao_017,まお,-16.80,-16.87,-12.48,-1.47,+4.39
mao_018,まお,-19.54,-17.92,-12.71,-1.32,+5.21
mao_019,まお,-18.64,-18.02,-12.86,-1.62,+5.16
mao_020,まお,-15.99,-16.54,-12.47,-1.20,+4.07
mao_021,まお,-15.61,-16.77,-12.39,-1.77,+4.38
mao_022,まお,-14.18,-16.43,-12.35,-1.81,+4.08
mao_023,まお,-20.86,-17.19,-12.50,-2.55,+4.69
mao_024,まお,-17.68,-16.75,-12.71,-2.17,+4.04
mao_025,まお,-16.48,-16.82,-12.44,-0.76,+4.38
mao_026,まお,-16.09,-16.55,-12.47,-2.76,+4.08
mao_027,まお,-15.55,-16.56,-13.56,-2.29,+3.00
mao_028,まお,-14.83,-16.48,-12.72,-1.76,+3.76
mao_029,まお,-17.08,-16.79,-12.24,-1.35,+4.55
mao_030,まお,-15.52,-16.60,-12.47,-1.82,+4.13
mao_031,まお,-16.91,-17.24,-12.43,-2.14,+4.81
mao_032,まお,-17.46,-17.59,-12.43,-2.21,+5.16
mao_033,まお,-15.23,-16.55,-12.43,-1.11,+4.12
mao_034,まお,-15.93,-16.65,-12.65,-1.37,+4.00
mao_035,まお,-15.88,-16.68,-13.24,-2.04,+3.44
mao_036,まお,-14.42,-16.46,-12.53,-0.76,+3.93
mao_037,まお,-15.73,-17.06,-12.82,-2.79,+4.24
mao_038,まお,-19.70,-17.57,-13.40,-2.97,+4.17
mao_039,まお,-16.79,-16.68,-12.81,-1.87,+3.87
mao_040,まお,-16.45,-16.75,-12.48,-1.40,+4.27
mao_041,まお,-14.55,-16.29,-12.76,-1.55,+3.53
mao_042,まお,-15.11,-16.61,-12.41,-1.62,+4.20
mao_043,まお,-15.32,-16.56,-12.57,-2.34,+3.99
mao_044,まお,-16.26,-16.86,-12.38,-1.04,+4.48
mao_045,まお,-16.05,-16.85,-12.72,-2.66,+4.13
mao_046,まお,-16.28,-16.78,-12.56,-1.77,+4.22
mao_047,まお,-14.04,-16.39,-12.24,-1.21,+4.15
mao_048,まお,-16.34,-16.67,-13.21,-2.24,+3.46
mao_049,まお,-15.52,-16.77,-12.69,-2.45,+4.08
mao_050,まお,-16.57,-16.82,-12.53,-2.73,+4.29
mao_051,まお,-14.78,-16.44,-12.82,-1.84,+3.62
mao_052,まお,-17.35,-16.84,-12.54,-2.74,+4.30
mao_053,まお,-16.03,-16.51,-12.58,-0.95,+3.93
mao_054,まお,-14.25,-16.65,-12.79,-2.61,+3.86
mao_055,まお,-14.64,-16.50,-12.53,-2.91,+3.97
mao_056,まお,-16.11,-16.60,-12.28,-1.62,+4.32
mao_057,まお,-18.05,-17.01,-13.25,-0.73,+3.76
mao_058,まお,-17.58,-17.17,-12.34,-1.70,+4.83
mao_059,まお,-16.66,-16.90,-12.42,-1.33,+4.48
mao_060,まお,-14.64,-16.49,-12.12,-1.61,+4.37
mao_061,まお,-16.43,-16.92,-12.65,-1.43,+4.27
mao_062,まお,-15.42,-16.71,-12.24,-2.02,+4.47
mao_063,まお,-14.60,-16.52,-12.82,-2.64,+3.70
mao_064,まお,-17.46,-17.19,-12.73,-1.38,+4.46
mao_065,まお,-16.83,-16.59,-13.04,-1.34,+3.55
mao_066,まお,-15.29,-16.51,-12.81,-2.50,+3.70
mao_067,まお,-16.26,-16.79,-12.56,-2.78,+4.23
mao_068,まお,-15.16,-16.87,-12.95,-1.34,+3.92
mao_069,まお,-18.50,-17.01,-12.57,-0.83,+4.44
mao_070,まお,-14.65,-16.34,-12.33,-2.58,+4.01
mao_071,まお,-17.07,-16.99,-12.65,-2.88,+4.34
mao_072,まお,-15.03,-16.50,-12.65,-2.48,+3.85
mao_073,まお,-17.90,-17.22,-12.60,-0.51,+4.62
mao_074,まお,-15.08,-16.56,-12.62,-1.87,+3.94
mao_075,まお,-15.31,-16.42,-12.54,-1.74,+3.88
mao_076,まお,-15.08,-16.53,-12.55,-2.66,+3.98
mao_077,まお,-14.61,-16.64,-12.50,-1.90,+4.14
mao_078,まお,-14.36,-16.40,-12.48,-1.56,+3.92
mao_079,まお,-14.87,-16.53,-12.45,-1.02,+4.08
mao_080,まお,-15.52,-16.62,-12.48,-1.10,+4.14
mao_081,まお,-17.61,-17.31,-12.76,-1.37,+4.55
mao_082,まお,-15.37,-16.65,-12.58,-1.46,+4.07
mao_083,まお,-14.83,-16.84,-12.81,-2.80,+4.03
mao_084,まお,-15.15,-16.52,-12.24,-1.08,+4.28
mao_085,まお,-15.55,-16.51,-12.15,-0.75,+4.36
mao_086,まお,-16.67,-16.74,-12.66,-1.05,+4.08
mao_087,まお,-16.87,-16.97,-12.43,-1.68,+4.54
mao_088,まお,-15.62,-16.57,-12.83,-2.35,+3.74
mao_089,まお,-18.33,-17.03,-13.26,-2.66,+3.77
mao_090,まお,-15.41,-16.59,-12.59,-1.38,+4.00
mao_091,まお,-14.86,-16.52,-12.77,-2.71,+3.75
mao_092,まお,-15.54,-16.61,-12.37,-1.99,+4.24
mao_093,まお,-16.37,-16.99,-13.05,-2.18,+3.94
mao_094,まお,-18.84,-17.00,-12.67,-2.52,+4.33
mao_095,まお,-17.66,-16.95,-12.60,-1.97,+4.35
mao_096,まお,-17.76,-17.44,-12.85,-0.97,+4.59
mao_097,まお,-14.61,-16.53,-12.26,-2.86,+4.27
mao_098,まお,-13.49,-16.42,-12.11,-2.75,+4.31
mao_099,まお,-15.13,-16.61,-12.47,-2.72,+4.14
mao_100,まお,-15.72,-16.49,-12.52,-2.41,+3.97
mai_001,まい,-13.35,-16.39,-11.89,-0.63,+4.50
mai_002,まい,-13.94,-16.29,-12.20,-0.89,+4.09
mai_003,まい,-14.02,-16.35,-12.00,-1.46,+4.35
mai_004,まい,-14.82,-16.33,-12.37,-1.26,+3.96
mai_005,まい,-14.14,-16.39,-12.23,-1.49,+4.16
mai_006,まい,-13.07,-16.38,-12.16,-0.70,+4.22
mai_007,まい,-13.53,-16.27,-12.26,-0.84,+4.01
mai_008,まい,-14.77,-16.44,-11.95,-1.70,+4.49
mai_009,まい,-13.78,-16.33,-12.41,-0.61,+3.92
mai_010,まい,-15.60,-16.33,-12.36,-0.64,+3.97
mai_011,まい,-12.84,-16.34,-12.63,-1.45,+3.71
mai_012,まい,-12.80,-16.40,-11.82,-0.78,+4.58
mai_013,まい,-11.90,-16.59,-11.83,-1.92,+4.76
mai_014,まい,-14.99,-16.24,-12.41,-0.71,+3.83
mai_015,まい,-13.17,-16.49,-12.09,-2.63,+4.40
mai_016,まい,-13.26,-16.45,-11.83,-2.81,+4.62
mai_017,まい,-14.65,-16.37,-12.45,-2.17,+3.92
mai_018,まい,-14.75,-16.41,-13.04,-2.74,+3.37
mai_019,まい,-13.17,-16.39,-11.96,-2.41,+4.43
mai_020,まい,-14.36,-16.40,-11.88,-1.62,+4.52
mai_021,まい,-12.38,-16.43,-11.70,-0.83,+4.73
mai_022,まい,-14.33,-16.39,-11.74,-0.71,+4.65
mai_023,まい,-12.77,-16.44,-12.46,-2.34,+3.98
mai_024,まい,-13.67,-16.32,-12.23,-1.02,+4.09
mai_025,まい,-16.04,-16.42,-11.81,-0.95,+4.61
mai_026,まい,-13.64,-16.35,-11.90,-0.99,+4.45
mai_027,まい,-13.83,-16.40,-12.74,-1.72,+3.66
mai_028,まい,-16.44,-16.48,-12.01,-2.53,+4.47
mai_029,まい,-14.00,-16.20,-12.14,-1.01,+4.06
mai_030,まい,-15.72,-16.42,-12.05,-0.70,+4.37
mai_031,まい,-16.34,-16.50,-12.38,-1.08,+4.12
mai_032,まい,-14.62,-16.43,-12.46,-2.27,+3.97
mai_033,まい,-12.81,-16.34,-11.74,-0.71,+4.60
mai_034,まい,-14.03,-16.39,-12.01,-1.50,+4.38
mai_035,まい,-14.17,-16.50,-11.90,-0.81,+4.60
mai_036,まい,-16.01,-16.64,-12.36,-1.52,+4.28
mai_037,まい,-13.56,-16.29,-12.57,-1.20,+3.72
mai_038,まい,-16.03,-16.47,-12.86,-1.59,+3.61
mai_039,まい,-13.87,-16.35,-12.57,-1.74,+3.78
mai_040,まい,-15.78,-16.47,-12.17,-0.86,+4.30
mai_041,まい,-15.18,-16.54,-12.14,-1.38,+4.40
mai_042,まい,-13.81,-16.41,-12.09,-0.74,+4.32
mai_043,まい,-13.89,-16.40,-11.89,-0.59,+4.51
mai_044,まい,-13.98,-16.40,-11.98,-0.79,+4.42
mai_045,まい,-13.97,-16.43,-13.36,-2.04,+3.07
mai_046,まい,-13.37,-16.37,-11.96,-0.87,+4.41
mai_047,まい,-15.27,-16.43,-12.84,-2.47,+3.59
mai_048,まい,-14.70,-16.43,-12.05,-1.89,+4.38
mai_049,まい,-13.65,-16.33,-11.82,-1.22,+4.51
mai_050,まい,-13.40,-16.34,-12.00,-1.22,+4.34
mai_051,まい,-13.03,-16.36,-11.95,-0.81,+4.41
mai_052,まい,-12.81,-16.39,-11.74,-1.39,+4.65
mai_053,まい,-14.41,-16.29,-13.30,-0.91,+2.99
mai_054,まい,-14.01,-16.36,-11.79,-0.51,+4.57
mai_055,まい,-13.20,-16.33,-12.35,-1.59,+3.98
mai_056,まい,-12.41,-16.33,-12.07,-0.52,+4.26
mai_057,まい,-13.63,-16.36,-11.91,-1.02,+4.45
mai_058,まい,-13.57,-16.11,-12.34,-2.44,+3.77
mai_059,まい,-14.96,-16.39,-11.95,-1.79,+4.44
mai_060,まい,-13.18,-16.43,-12.05,-1.96,+4.38
mai_061,まい,-13.71,-16.31,-13.26,-1.20,+3.05
mai_062,まい,-13.01,-16.38,-12.12,-1.77,+4.26
mai_063,まい,-12.56,-16.37,-11.95,-1.34,+4.42
mai_064,まい,-13.80,-16.18,-12.07,-2.32,+4.11
mai_065,まい,-13.47,-16.38,-11.86,-0.54,+4.52
mai_066,まい,-13.83,-16.28,-12.30,-1.25,+3.98
mai_067,まい,-13.54,-16.34,-11.89,-0.83,+4.45
mai_068,まい,-16.07,-16.42,-12.46,-0.98,+3.96
mai_069,まい,-14.31,-16.40,-12.03,-1.13,+4.37
mai_070,まい,-13.63,-16.36,-12.06,-1.13,+4.30
mai_071,まい,-14.06,-16.41,-12.11,-2.67,+4.30
mai_072,まい,-14.64,-16.44,-12.22,-1.05,+4.22
mai_073,まい,-13.51,-16.36,-12.36,-0.89,+4.00
mai_074,まい,-15.07,-16.42,-12.12,-0.99,+4.30
mai_075,まい,-12.79,-16.40,-11.78,-1.12,+4.62
mai_076,まい,-13.99,-16.22,-12.27,-0.66,+3.95
mai_077,まい,-13.02,-16.11,-12.16,-1.51,+3.95
mai_078,まい,-12.64,-16.41,-12.00,-2.45,+4.41
mai_079,まい,-12.66,-16.38,-11.76,-0.74,+4.62
mai_080,まい,-11.22,-16.40,-11.72,-1.30,+4.68
mai_081,まい,-16.03,-16.25,-11.87,-1.44,+4.38
mai_082,まい,-12.15,-16.39,-11.90,-0.82,+4.49
mai_083,まい,-15.45,-16.36,-12.82,-1.67,+3.54
mai_084,まい,-14.36,-16.37,-12.25,-0.87,+4.12
mai_085,まい,-13.63,-16.34,-11.90,-1.80,+4.44
mai_086,まい,-12.97,-16.33,-12.29,-1.16,+4.04
mai_087,まい,-14.48,-16.40,-12.73,-2.69,+3.67
mai_088,まい,-12.88,-16.37,-12.50,-1.69,+3.87
mai_089,まい,-14.93,-16.42,-12.10,-0.75,+4.32
mai_090,まい,-14.44,-16.30,-12.62,-1.88,+3.68
mai_091,まい,-13.57,-16.42,-12.00,-1.06,+4.42
mai_092,まい,-11.83,-16.35,-12.10,-1.52,+4.25
mai_093,まい,-14.33,-16.39,-12.03,-1.05,+4.36
mai_094,まい,-12.08,-16.39,-11.78,-2.41,+4.61
mai_095,まい,-13.86,-16.35,-11.91,-1.49,+4.44
mai_096,まい,-16.62,-16.54,-13.38,-0.86,+3.16
mai_097,まい,-15.47,-16.46,-12.01,-1.03,+4.45
mai_098,まい,-14.62,-16.33,-12.22,-1.51,+4.11
mai_099,まい,-14.86,-16.40,-12.09,-1.02,+4.31
mai_100,まい,-13.18,-16.43,-12.31,-1.46,+4.12
runa_001,るな,-17.05,-16.68,-13.21,-2.78,+3.47
runa_002,るな,-18.39,-16.86,-12.54,-1.87,+4.32
runa_003,るな,-15.27,-16.33,-12.37,-0.88,+3.96
runa_004,るな,-17.05,-16.68,-12.26,-0.87,+4.42
runa_005,るな,-16.59,-16.71,-12.54,-2.28,+4.17
runa_006,るな,-15.14,-16.51,-12.88,-1.03,+3.63
runa_007,るな,-17.72,-16.60,-12.31,-0.61,+4.29
runa_008,るな,-17.56,-16.73,-12.50,-1.10,+4.23
runa_009,るな,-15.31,-16.47,-12.30,-1.25,+4.17
runa_010,るな,-16.19,-16.58,-12.39,-1.20,+4.19
runa_011,るな,-16.18,-16.63,-12.50,-1.11,+4.13
runa_012,るな,-16.41,-16.86,-12.65,-0.87,+4.21
runa_013,るな,-15.26,-16.51,-12.63,-1.33,+3.88
runa_014,るな,-15.38,-16.63,-12.75,-0.99,+3.88
runa_015,るな,-15.33,-16.47,-12.85,-0.67,+3.62
runa_016,るな,-16.86,-16.66,-12.78,-0.85,+3.88
runa_017,るな,-18.02,-16.73,-13.49,-1.21,+3.24
runa_018,るな,-15.48,-16.38,-12.20,-0.55,+4.18
runa_019,るな,-16.58,-16.61,-12.23,-2.08,+4.38
runa_020,るな,-16.20,-16.76,-12.56,-0.91,+4.20
runa_021,るな,-16.46,-16.61,-12.20,-0.64,+4.41
runa_022,るな,-15.31,-16.61,-13.41,-0.90,+3.20
runa_023,るな,-18.16,-16.92,-12.49,-0.72,+4.43
runa_024,るな,-15.00,-16.49,-12.67,-2.02,+3.82
runa_025,るな,-15.16,-16.46,-12.31,-1.66,+4.15
runa_026,るな,-15.96,-16.46,-12.53,-1.11,+3.93
runa_027,るな,-15.82,-16.45,-13.04,-0.74,+3.41
runa_028,るな,-17.65,-16.89,-13.12,-2.69,+3.77
runa_029,るな,-16.76,-16.56,-13.12,-0.53,+3.44
runa_030,るな,-14.80,-16.44,-12.67,-1.99,+3.77
runa_031,るな,-15.81,-16.49,-12.47,-1.08,+4.02
runa_032,るな,-14.04,-16.44,-12.40,-2.05,+4.04
runa_033,るな,-15.73,-16.55,-12.48,-1.66,+4.07
runa_034,るな,-16.37,-16.56,-13.26,-1.79,+3.30
runa_035,るな,-15.22,-16.48,-12.31,-0.50,+4.17
runa_036,るな,-14.54,-16.41,-12.51,-1.97,+3.90
runa_037,るな,-16.46,-16.54,-12.24,-0.60,+4.30
runa_038,るな,-16.69,-16.84,-12.53,-1.36,+4.31
runa_039,るな,-17.43,-16.60,-12.42,-0.50,+4.18
runa_040,るな,-16.34,-16.80,-12.27,-0.65,+4.53
runa_041,るな,-16.25,-16.61,-12.47,-0.92,+4.14
runa_042,るな,-16.36,-16.93,-12.72,-1.21,+4.21
runa_043,るな,-15.22,-16.41,-12.31,-0.62,+4.10
runa_044,るな,-14.94,-16.50,-12.75,-2.33,+3.75
runa_045,るな,-14.93,-16.46,-12.89,-1.62,+3.57
runa_046,るな,-16.18,-16.66,-12.61,-1.51,+4.05
runa_047,るな,-17.05,-16.59,-12.56,-1.43,+4.03
runa_048,るな,-16.43,-16.76,-12.44,-2.16,+4.32
runa_049,るな,-17.00,-16.82,-12.87,-1.72,+3.95
runa_050,るな,-17.96,-16.60,-12.19,-1.06,+4.41
runa_051,るな,-16.28,-16.66,-12.48,-2.15,+4.18
runa_052,るな,-17.89,-16.84,-12.94,-2.07,+3.90
runa_053,るな,-15.69,-16.42,-12.83,-1.38,+3.59
runa_054,るな,-15.92,-16.72,-12.58,-1.15,+4.14
runa_055,るな,-18.56,-16.68,-12.35,-0.51,+4.33
runa_056,るな,-16.34,-16.65,-12.55,-1.11,+4.10
runa_057,るな,-15.97,-16.52,-12.50,-1.57,+4.02
runa_058,るな,-16.27,-16.56,-12.08,-0.77,+4.48
runa_059,るな,-14.65,-16.48,-13.15,-2.88,+3.33
runa_060,るな,-16.89,-16.69,-12.32,-1.02,+4.37
runa_061,るな,-14.88,-16.42,-12.30,-1.17,+4.12
runa_062,るな,-15.40,-16.47,-12.23,-1.00,+4.24
runa_063,るな,-19.49,-16.99,-12.55,-1.19,+4.44
runa_064,るな,-16.18,-16.52,-12.12,-1.49,+4.40
runa_065,るな,-14.90,-16.59,-12.40,-1.57,+4.19
runa_066,るな,-15.31,-16.45,-12.42,-1.38,+4.03
runa_067,るな,-15.52,-16.58,-12.41,-1.81,+4.17
runa_068,るな,-14.81,-16.41,-13.21,-2.18,+3.20
runa_069,るな,-17.25,-16.74,-13.07,-1.86,+3.67
runa_070,るな,-15.07,-16.54,-12.49,-1.01,+4.05
runa_071,るな,-16.31,-16.65,-12.44,-0.72,+4.21
runa_072,るな,-15.02,-16.54,-12.51,-2.09,+4.03
runa_073,るな,-15.92,-16.55,-12.61,-2.49,+3.94
runa_074,るな,-16.89,-16.60,-12.67,-1.76,+3.93
runa_075,るな,-17.37,-16.76,-12.66,-2.01,+4.10
runa_076,るな,-16.58,-16.55,-12.13,-0.50,+4.42
runa_077,るな,-15.77,-16.60,-12.20,-1.01,+4.40
runa_078,るな,-16.00,-16.59,-12.68,-0.79,+3.91
runa_079,るな,-16.22,-16.67,-12.22,-1.38,+4.45
runa_080,るな,-15.30,-16.58,-12.33,-1.13,+4.25
runa_081,るな,-16.25,-16.57,-12.36,-1.53,+4.21
runa_082,るな,-17.14,-16.74,-12.37,-0.51,+4.37
runa_083,るな,-17.35,-16.80,-12.41,-1.59,+4.39
runa_084,るな,-17.93,-16.75,-12.62,-2.73,+4.13
runa_085,るな,-15.63,-16.62,-12.81,-1.41,+3.81
runa_086,るな,-16.17,-16.53,-13.04,-0.88,+3.49
runa_087,るな,-13.68,-16.40,-12.04,-0.73,+4.36
runa_088,るな,-15.53,-16.59,-13.11,-2.47,+3.48
runa_089,るな,-14.86,-16.43,-12.30,-1.48,+4.13
runa_090,るな,-16.91,-16.73,-12.67,-1.58,+4.06
runa_091,るな,-16.80,-16.69,-12.37,-0.81,+4.32
runa_092,るな,-15.15,-16.52,-12.23,-1.68,+4.29
runa_093,るな,-15.59,-16.47,-12.47,-1.85,+4.00
runa_094,るな,-16.42,-16.64,-12.19,-1.67,+4.45
runa_095,るな,-16.28,-16.71,-13.23,-2.10,+3.48
runa_096,るな,-16.23,-16.50,-12.61,-1.74,+3.89
runa_097,るな,-19.61,-17.10,-12.76,-0.50,+4.34
runa_098,るな,-16.72,-16.79,-12.83,-1.83,+3.96
runa_099,るな,-16.15,-16.52,-12.27,-1.57,+4.25
runa_100,るな,-15.68,-16.60,-12.33,-0.52,+4.27
chuni_001,中2,-15.35,-16.56,-12.15,-1.88,+4.41
chuni_002,中2,-17.34,-16.67,-12.11,-1.93,+4.56
chuni_003,中2,-17.06,-17.07,-12.40,-0.61,+4.67
chuni_004,中2,-16.43,-16.63,-12.06,-2.82,+4.57
chuni_005,中2,-15.38,-16.60,-12.20,-2.31,+4.40
chuni_006,中2,-14.30,-16.57,-12.02,-0.89,+4.55
chuni_007,中2,-15.55,-16.61,-11.94,-1.49,+4.67
chuni_008,中2,-15.76,-16.52,-12.33,-1.44,+4.19
chuni_009,中2,-15.18,-16.47,-12.06,-1.45,+4.41
chuni_010,中2,-15.65,-16.52,-12.03,-2.28,+4.49
chuni_011,中2,-15.99,-16.65,-11.93,-2.53,+4.72
chuni_012,中2,-14.05,-16.41,-11.77,-2.65,+4.64
chuni_013,中2,-17.70,-16.70,-13.32,-1.85,+3.38
chuni_014,中2,-16.47,-16.59,-12.26,-0.81,+4.33
chuni_015,中2,-16.29,-16.59,-12.17,-0.56,+4.42
chuni_016,中2,-17.30,-16.80,-12.51,-1.30,+4.29
chuni_017,中2,-15.08,-16.34,-11.85,-1.46,+4.49
chuni_018,中2,-15.62,-16.67,-12.26,-1.67,+4.41
chuni_019,中2,-15.84,-16.79,-12.24,-1.78,+4.55
chuni_020,中2,-16.66,-16.70,-12.55,-2.91,+4.15
chuni_021,中2,-16.97,-16.81,-12.35,-0.75,+4.46
chuni_022,中2,-15.31,-16.55,-11.99,-1.97,+4.56
chuni_023,中2,-13.58,-16.32,-11.77,-3.14,+4.55
chuni_024,中2,-15.92,-16.48,-11.86,-1.42,+4.62
chuni_025,中2,-17.31,-16.61,-12.09,-1.00,+4.52
chuni_026,中2,-17.86,-16.82,-12.27,-2.37,+4.55
chuni_027,中2,-15.33,-16.49,-11.77,-1.64,+4.72
chuni_028,中2,-16.55,-16.77,-12.96,-2.02,+3.81
chuni_029,中2,-16.47,-16.75,-12.13,-2.15,+4.62
chuni_030,中2,-14.84,-16.45,-12.14,-1.75,+4.31
chuni_031,中2,-15.49,-16.66,-11.94,-1.22,+4.72
chuni_032,中2,-14.36,-16.39,-11.80,-2.64,+4.59
chuni_033,中2,-15.32,-16.52,-12.02,-2.18,+4.50
chuni_034,中2,-16.89,-16.69,-12.15,-2.01,+4.54
chuni_035,中2,-15.68,-16.51,-12.24,-2.71,+4.27
chuni_036,中2,-16.16,-16.54,-12.21,-1.59,+4.33
chuni_037,中2,-17.84,-16.57,-12.17,-1.59,+4.40
chuni_038,中2,-16.49,-16.70,-11.97,-2.22,+4.73
chuni_039,中2,-15.03,-16.53,-11.96,-1.58,+4.57
chuni_040,中2,-14.41,-16.42,-12.18,-0.51,+4.24
chuni_041,中2,-14.77,-16.47,-12.23,-2.41,+4.24
chuni_042,中2,-15.30,-16.51,-11.86,-0.82,+4.65
chuni_043,中2,-16.23,-16.75,-12.13,-1.31,+4.62
chuni_044,中2,-14.72,-16.57,-12.30,-1.77,+4.27
chuni_045,中2,-16.56,-16.51,-12.41,-2.24,+4.10
chuni_046,中2,-16.27,-16.71,-12.10,-0.72,+4.61
chuni_047,中2,-16.09,-16.52,-11.86,-2.64,+4.66
chuni_048,中2,-17.01,-16.92,-12.94,-2.28,+3.98
chuni_049,中2,-15.61,-16.69,-12.05,-1.34,+4.64
chuni_050,中2,-16.37,-16.69,-12.23,-1.85,+4.46
chuni_051,中2,-16.32,-16.72,-12.09,-2.20,+4.63
chuni_052,中2,-14.42,-16.45,-11.85,-2.57,+4.60
chuni_053,中2,-14.50,-16.46,-12.20,-2.11,+4.26
chuni_054,中2,-16.87,-16.99,-12.23,-2.19,+4.76
chuni_055,中2,-16.21,-16.64,-12.15,-1.21,+4.49
chuni_056,中2,-16.84,-16.71,-12.07,-1.77,+4.64
chuni_057,中2,-15.79,-16.66,-12.25,-1.84,+4.41
chuni_058,中2,-15.10,-16.44,-11.98,-1.97,+4.46
chuni_059,中2,-13.97,-16.42,-12.20,-1.49,+4.22
chuni_060,中2,-14.84,-16.54,-12.03,-2.43,+4.51
chuni_061,中2,-14.42,-16.44,-11.91,-2.95,+4.53
chuni_062,中2,-12.84,-16.43,-11.73,-2.79,+4.70
chuni_063,中2,-13.92,-16.41,-11.78,-2.56,+4.63
chuni_064,中2,-14.80,-16.51,-11.71,-0.66,+4.80
chuni_065,中2,-16.45,-16.72,-12.22,-1.40,+4.50
chuni_066,中2,-16.06,-16.60,-12.37,-1.46,+4.23
chuni_067,中2,-14.52,-16.47,-11.62,-1.74,+4.85
chuni_068,中2,-17.83,-16.95,-12.39,-1.63,+4.56
chuni_069,中2,-13.50,-16.43,-12.02,-2.04,+4.41
chuni_070,中2,-14.07,-16.41,-11.61,-2.19,+4.80
chuni_071,中2,-14.77,-16.49,-11.66,-1.29,+4.83
chuni_072,中2,-15.24,-16.61,-12.05,-1.86,+4.56
chuni_073,中2,-15.11,-16.51,-12.02,-1.51,+4.49
chuni_074,中2,-13.76,-16.43,-11.67,-2.19,+4.76
chuni_075,中2,-14.72,-16.59,-11.86,-1.97,+4.73
chuni_076,中2,-14.82,-16.29,-12.06,-1.72,+4.23
chuni_077,中2,-13.30,-16.38,-11.82,-2.36,+4.56
chuni_078,中2,-12.08,-16.40,-11.66,-2.91,+4.74
chuni_079,中2,-15.60,-16.64,-12.07,-2.57,+4.57
chuni_080,中2,-15.16,-16.49,-12.36,-1.93,+4.13
chuni_081,中2,-16.21,-16.56,-12.04,-1.59,+4.52
chuni_082,中2,-15.17,-16.48,-11.85,-1.57,+4.63
chuni_083,中2,-13.80,-16.41,-12.16,-1.71,+4.25
chuni_084,中2,-14.23,-16.43,-11.78,-1.51,+4.65
chuni_085,中2,-14.90,-16.53,-12.48,-2.33,+4.05
chuni_086,中2,-12.75,-16.42,-11.76,-2.80,+4.66
chuni_087,中2,-15.53,-16.38,-11.84,-1.79,+4.54
chuni_088,中2,-14.35,-16.43,-12.28,-2.61,+4.15
chuni_089,中2,-14.44,-16.45,-11.91,-0.61,+4.54
chuni_090,中2,-16.39,-16.60,-12.16,-1.54,+4.44
chuni_091,中2,-15.37,-16.50,-11.90,-1.64,+4.60
chuni_092,中2,-15.76,-16.53,-12.24,-2.43,+4.29
chuni_093,中2,-16.32,-16.58,-12.05,-2.45,+4.53
chuni_094,中2,-15.86,-16.73,-12.66,-2.33,+4.07
chuni_095,中2,-14.94,-16.48,-11.82,-1.45,+4.66
chuni_096,中2,-15.72,-16.59,-12.39,-2.63,+4.20
chuni_097,中2,-16.62,-16.67,-11.87,-2.08,+4.80
chuni_098,中2,-16.99,-16.48,-12.37,-1.04,+4.11
chuni_099,中2,-16.05,-16.54,-11.97,-1.28,+4.57
chuni_100,中2,-16.15,-16.59,-12.55,-1.05,+4.04
kanon_001,花音,-13.65,-16.54,-12.70,-2.20,+3.84
kanon_002,花音,-13.67,-16.41,-11.77,-1.38,+4.64
kanon_003,花音,-14.12,-16.41,-12.27,-0.59,+4.14
kanon_004,花音,-12.96,-16.44,-11.75,-2.63,+4.69
kanon_005,花音,-13.58,-16.40,-11.97,-1.05,+4.43
kanon_006,花音,-14.34,-16.43,-12.38,-0.89,+4.05
kanon_007,花音,-14.27,-16.38,-12.10,-0.78,+4.28
kanon_008,花音,-14.37,-16.38,-12.04,-1.08,+4.34
kanon_009,花音,-14.67,-16.42,-13.02,-2.05,+3.40
kanon_010,花音,-14.93,-16.45,-11.96,-1.15,+4.49
kanon_011,花音,-13.17,-16.43,-13.25,-2.51,+3.18
kanon_012,花音,-14.66,-16.41,-11.94,-1.21,+4.47
kanon_013,花音,-15.75,-16.58,-12.19,-1.53,+4.39
kanon_014,花音,-12.42,-16.67,-12.02,-1.50,+4.65
kanon_015,花音,-13.31,-16.41,-11.80,-1.71,+4.61
kanon_016,花音,-11.50,-16.41,-11.81,-0.76,+4.60
kanon_017,花音,-13.17,-16.42,-11.95,-0.98,+4.47
kanon_018,花音,-12.82,-16.42,-11.86,-1.14,+4.56
kanon_019,花音,-13.44,-16.43,-12.29,-2.09,+4.14
kanon_020,花音,-13.48,-16.41,-12.10,-2.57,+4.31
kanon_021,花音,-13.73,-16.43,-12.00,-1.35,+4.43
kanon_022,花音,-13.95,-16.42,-11.99,-2.53,+4.43
kanon_023,花音,-13.04,-16.47,-11.72,-3.09,+4.75
kanon_024,花音,-14.38,-16.43,-11.88,-1.67,+4.55
kanon_025,花音,-11.79,-16.38,-12.16,-1.30,+4.22
kanon_026,花音,-15.69,-16.61,-11.94,-1.43,+4.67
kanon_027,花音,-14.60,-16.49,-12.50,-0.85,+3.99
kanon_028,花音,-13.56,-16.42,-11.81,-0.96,+4.61
kanon_029,花音,-12.53,-16.54,-11.99,-1.00,+4.55
kanon_030,花音,-14.09,-16.34,-11.80,-2.15,+4.54
kanon_031,花音,-13.70,-16.43,-11.91,-2.34,+4.52
kanon_032,花音,-14.84,-16.49,-12.01,-2.02,+4.48
kanon_033,花音,-15.99,-16.54,-12.16,-2.29,+4.38
kanon_034,花音,-13.51,-16.52,-11.99,-1.52,+4.53
kanon_035,花音,-14.69,-16.44,-12.07,-1.04,+4.37
kanon_036,花音,-13.80,-16.42,-11.98,-0.80,+4.44
kanon_037,花音,-14.38,-16.46,-11.90,-0.75,+4.56
kanon_038,花音,-13.40,-16.44,-11.99,-0.80,+4.45
kanon_039,花音,-13.82,-16.43,-12.16,-1.49,+4.27
kanon_040,花音,-13.23,-16.45,-12.06,-2.50,+4.39
kanon_041,花音,-16.58,-16.68,-12.25,-0.58,+4.43
kanon_042,花音,-13.27,-16.40,-12.08,-1.17,+4.32
kanon_043,花音,-14.25,-16.47,-12.07,-2.62,+4.40
kanon_044,花音,-14.36,-16.41,-12.51,-1.98,+3.90
kanon_045,花音,-14.37,-16.43,-12.57,-1.57,+3.86
kanon_046,花音,-13.72,-16.39,-11.93,-1.50,+4.46
kanon_047,花音,-14.62,-16.44,-12.51,-1.64,+3.93
kanon_048,花音,-15.52,-16.45,-12.11,-1.82,+4.34
kanon_049,花音,-14.23,-16.42,-12.49,-1.17,+3.93
kanon_050,花音,-13.33,-16.42,-11.89,-2.24,+4.53
kanon_051,花音,-14.70,-16.45,-11.92,-1.43,+4.53
kanon_052,花音,-12.61,-16.41,-11.64,-1.22,+4.77
kanon_053,花音,-14.40,-16.33,-11.85,-1.26,+4.48
kanon_054,花音,-13.56,-16.45,-12.90,-2.67,+3.55
kanon_055,花音,-15.73,-16.43,-12.05,-0.74,+4.38
kanon_056,花音,-13.34,-16.43,-11.98,-2.65,+4.45
kanon_057,花音,-15.04,-16.44,-12.11,-1.29,+4.33
kanon_058,花音,-15.07,-16.40,-12.65,-1.88,+3.75
kanon_059,花音,-14.83,-16.43,-12.20,-0.61,+4.23
kanon_060,花音,-15.95,-16.45,-12.08,-0.50,+4.37
kanon_061,花音,-13.61,-16.61,-12.28,-1.98,+4.33
kanon_062,花音,-14.15,-16.42,-11.96,-0.67,+4.46
kanon_063,花音,-13.76,-16.42,-12.02,-1.03,+4.40
kanon_064,花音,-14.41,-16.42,-12.15,-1.32,+4.27
kanon_065,花音,-12.66,-16.41,-11.89,-1.23,+4.52
kanon_066,花音,-14.63,-16.44,-12.15,-2.32,+4.29
kanon_067,花音,-13.97,-16.38,-12.08,-2.30,+4.30
kanon_068,花音,-13.40,-16.40,-12.09,-2.55,+4.31
kanon_069,花音,-13.51,-16.43,-12.05,-2.67,+4.38
kanon_070,花音,-13.02,-16.37,-12.09,-2.04,+4.28
kanon_071,花音,-14.53,-16.45,-11.90,-2.09,+4.55
kanon_072,花音,-15.07,-16.51,-12.70,-1.88,+3.81
kanon_073,花音,-14.49,-16.43,-12.29,-2.11,+4.14
kanon_074,花音,-13.99,-16.36,-12.15,-1.12,+4.21
kanon_075,花音,-13.75,-16.45,-12.09,-2.50,+4.36
kanon_076,花音,-12.34,-16.26,-11.86,-2.98,+4.40
kanon_077,花音,-15.71,-16.53,-12.19,-1.58,+4.34
kanon_078,花音,-12.13,-16.41,-11.95,-2.50,+4.46
kanon_079,花音,-15.04,-16.52,-12.22,-1.90,+4.30
kanon_080,花音,-13.29,-16.44,-12.07,-2.86,+4.37
kanon_081,花音,-15.61,-16.54,-11.93,-2.48,+4.61
kanon_082,花音,-14.57,-16.44,-12.08,-1.93,+4.36
kanon_083,花音,-14.23,-16.45,-11.81,-1.11,+4.64
kanon_084,花音,-13.54,-16.43,-11.87,-2.19,+4.56
kanon_085,花音,-15.14,-16.52,-11.95,-0.87,+4.57
kanon_086,花音,-12.09,-16.43,-11.89,-1.83,+4.54
kanon_087,花音,-14.22,-16.45,-11.83,-2.75,+4.62
kanon_088,花音,-15.08,-16.73,-11.97,-1.28,+4.76
kanon_089,花音,-12.19,-16.44,-11.75,-1.48,+4.69
kanon_090,花音,-10.91,-16.40,-11.67,-1.39,+4.73
kanon_091,花音,-15.64,-16.46,-12.59,-1.42,+3.87
kanon_092,花音,-15.62,-16.49,-12.05,-1.26,+4.44
kanon_093,花音,-12.93,-16.44,-11.97,-1.54,+4.47
kanon_094,花音,-13.47,-16.43,-11.88,-1.48,+4.55
kanon_095,花音,-12.38,-16.36,-12.02,-1.86,+4.34
kanon_096,花音,-13.74,-16.53,-12.13,-1.90,+4.40
kanon_097,花音,-14.38,-16.40,-12.07,-1.96,+4.33
kanon_098,花音,-16.45,-16.43,-12.19,-0.98,+4.24
kanon_099,花音,-13.39,-16.37,-11.84,-0.66,+4.53
kanon_100,花音,-15.06,-16.45,-11.88,-1.31,+4.57
